name,genre,debut_year,albums_count,created_at
Singer 1,Classical,2002,7,2024-10-27 00:00:00
Singer 2,Jazz,2007,3,2024-10-27 00:01:00
Singer 3,Pop,2022,12,2024-10-27 00:02:00
Singer 4,Rock,2008,18,2024-10-27 00:03:00
Singer 5,Jazz,2001,16,2024-10-27 00:04:00
Singer 6,Rock,2020,16,2024-10-27 00:05:00
Singer 7,Pop,2021,18,2024-10-27 00:06:00
Singer 8,Pop,2010,11,2024-10-27 00:07:00
Singer 9,Hip Hop,2015,19,2024-10-27 00:08:00
Singer 10,Rock,2014,11,2024-10-27 00:09:00
Singer 11,Rock,2000,14,2024-10-27 00:10:00
Singer 12,Jazz,2018,6,2024-10-27 00:11:00
Singer 13,Classical,2005,14,2024-10-27 00:12:00
Singer 14,Classical,2020,18,2024-10-27 00:13:00
Singer 15,Pop,2021,7,2024-10-27 00:14:00
Singer 16,Jazz,2021,14,2024-10-27 00:15:00
Singer 17,Jazz,2013,17,2024-10-27 00:16:00
Singer 18,Rock,2018,5,2024-10-27 00:17:00
Singer 19,Rock,2018,1,2024-10-27 00:18:00
Singer 20,Rock,2010,16,2024-10-27 00:19:00
Singer 21,Classical,2002,9,2024-10-27 00:20:00
Singer 22,Jazz,2000,4,2024-10-27 00:21:00
Singer 23,Pop,2018,7,2024-10-27 00:22:00
Singer 24,Hip Hop,2014,19,2024-10-27 00:23:00
Singer 25,Classical,2002,15,2024-10-27 00:24:00
Singer 26,Jazz,2013,5,2024-10-27 00:25:00
Singer 27,Rock,2017,3,2024-10-27 00:26:00
Singer 28,Rock,2019,16,2024-10-27 00:27:00
Singer 29,Classical,2007,19,2024-10-27 00:28:00
Singer 30,Pop,2019,1,2024-10-27 00:29:00
Singer 31,Classical,2010,12,2024-10-27 00:30:00
Singer 32,Classical,2013,12,2024-10-27 00:31:00
Singer 33,Rock,2009,6,2024-10-27 00:32:00
Singer 34,Pop,2006,19,2024-10-27 00:33:00
Singer 35,Pop,2019,9,2024-10-27 00:34:00
Singer 36,Rock,2013,14,2024-10-27 00:35:00
Singer 37,Jazz,2001,11,2024-10-27 00:36:00
Singer 38,Hip Hop,2015,11,2024-10-27 00:37:00
Singer 39,Hip Hop,2022,5,2024-10-27 00:38:00
Singer 40,Classical,2016,19,2024-10-27 00:39:00
Singer 41,Hip Hop,2015,12,2024-10-27 00:40:00
Singer 42,Jazz,2018,13,2024-10-27 00:41:00
Singer 43,Pop,2011,6,2024-10-27 00:42:00
Singer 44,Rock,2000,9,2024-10-27 00:43:00
Singer 45,Pop,2018,12,2024-10-27 00:44:00
Singer 46,Classical,2011,6,2024-10-27 00:45:00
Singer 47,Rock,2001,13,2024-10-27 00:46:00
Singer 48,Rock,2015,7,2024-10-27 00:47:00
Singer 49,Pop,2000,13,2024-10-27 00:48:00
Singer 50,Hip Hop,2008,12,2024-10-27 00:49:00
Singer 51,Pop,2011,8,2024-10-27 00:50:00
Singer 52,Jazz,2020,16,2024-10-27 00:51:00
Singer 53,Classical,2008,9,2024-10-27 00:52:00
Singer 54,Hip Hop,2014,9,2024-10-27 00:53:00
Singer 55,Jazz,2004,9,2024-10-27 00:54:00
Singer 56,Pop,2000,8,2024-10-27 00:55:00
Singer 57,Classical,2012,13,2024-10-27 00:56:00
Singer 58,Pop,2019,7,2024-10-27 00:57:00
Singer 59,Hip Hop,2021,6,2024-10-27 00:58:00
Singer 60,Classical,2014,3,2024-10-27 00:59:00
Singer 61,Jazz,2022,8,2024-10-27 01:00:00
Singer 62,Pop,2000,6,2024-10-27 01:01:00
Singer 63,Hip Hop,2002,11,2024-10-27 01:02:00
Singer 64,Rock,2013,13,2024-10-27 01:03:00
Singer 65,Classical,2022,15,2024-10-27 01:04:00
Singer 66,Hip Hop,2014,7,2024-10-27 01:05:00
Singer 67,Hip Hop,2001,2,2024-10-27 01:06:00
Singer 68,Jazz,2009,3,2024-10-27 01:07:00
Singer 69,Jazz,2000,18,2024-10-27 01:08:00
Singer 70,Rock,2011,9,2024-10-27 01:09:00
Singer 71,Classical,2020,4,2024-10-27 01:10:00
Singer 72,Hip Hop,2003,18,2024-10-27 01:11:00
Singer 73,Jazz,2011,9,2024-10-27 01:12:00
Singer 74,Hip Hop,2010,6,2024-10-27 01:13:00
Singer 75,Pop,2009,4,2024-10-27 01:14:00
Singer 76,Classical,2017,3,2024-10-27 01:15:00
Singer 77,Jazz,2020,9,2024-10-27 01:16:00
Singer 78,Rock,2006,9,2024-10-27 01:17:00
Singer 79,Pop,2015,17,2024-10-27 01:18:00
Singer 80,Rock,2007,13,2024-10-27 01:19:00
Singer 81,Pop,2010,2,2024-10-27 01:20:00
Singer 82,Rock,2009,14,2024-10-27 01:21:00
Singer 83,Jazz,2008,19,2024-10-27 01:22:00
Singer 84,Jazz,2021,2,2024-10-27 01:23:00
Singer 85,Rock,2016,3,2024-10-27 01:24:00
Singer 86,Rock,2007,19,2024-10-27 01:25:00
Singer 87,Rock,2020,12,2024-10-27 01:26:00
Singer 88,Jazz,2000,8,2024-10-27 01:27:00
Singer 89,Pop,2007,15,2024-10-27 01:28:00
Singer 90,Classical,2014,10,2024-10-27 01:29:00
Singer 91,Rock,2003,17,2024-10-27 01:30:00
Singer 92,Classical,2006,19,2024-10-27 01:31:00
Singer 93,Classical,2016,5,2024-10-27 01:32:00
Singer 94,Rock,2005,7,2024-10-27 01:33:00
Singer 95,Classical,2003,2,2024-10-27 01:34:00
Singer 96,Classical,2014,14,2024-10-27 01:35:00
Singer 97,Hip Hop,2007,3,2024-10-27 01:36:00
Singer 98,Hip Hop,2002,15,2024-10-27 01:37:00
Singer 99,Rock,2016,13,2024-10-27 01:38:00
Singer 100,Jazz,2000,7,2024-10-27 01:39:00
Singer 101,Classical,2022,9,2024-10-27 01:40:00
Singer 102,Hip Hop,2003,8,2024-10-27 01:41:00
Singer 103,Rock,2008,6,2024-10-27 01:42:00
Singer 104,Jazz,2020,15,2024-10-27 01:43:00
Singer 105,Rock,2005,4,2024-10-27 01:44:00
Singer 106,Pop,2002,13,2024-10-27 01:45:00
Singer 107,Classical,2016,8,2024-10-27 01:46:00
Singer 108,Hip Hop,2020,7,2024-10-27 01:47:00
Singer 109,Pop,2008,1,2024-10-27 01:48:00
Singer 110,Jazz,2012,13,2024-10-27 01:49:00
Singer 111,Pop,2017,10,2024-10-27 01:50:00
Singer 112,Classical,2012,11,2024-10-27 01:51:00
Singer 113,Pop,2004,11,2024-10-27 01:52:00
Singer 114,Classical,2018,2,2024-10-27 01:53:00
Singer 115,Classical,2002,17,2024-10-27 01:54:00
Singer 116,Rock,2013,7,2024-10-27 01:55:00
Singer 117,Rock,2006,13,2024-10-27 01:56:00
Singer 118,Jazz,2017,4,2024-10-27 01:57:00
Singer 119,Hip Hop,2013,15,2024-10-27 01:58:00
Singer 120,Hip Hop,2016,2,2024-10-27 01:59:00
Singer 121,Pop,2019,5,2024-10-27 02:00:00
Singer 122,Rock,2017,17,2024-10-27 02:01:00
Singer 123,Rock,2021,16,2024-10-27 02:02:00
Singer 124,Rock,2009,7,2024-10-27 02:03:00
Singer 125,Rock,2006,17,2024-10-27 02:04:00
Singer 126,Classical,2010,1,2024-10-27 02:05:00
Singer 127,Pop,2006,4,2024-10-27 02:06:00
Singer 128,Hip Hop,2012,18,2024-10-27 02:07:00
Singer 129,Pop,2011,9,2024-10-27 02:08:00
Singer 130,Rock,2022,12,2024-10-27 02:09:00
Singer 131,Jazz,2001,5,2024-10-27 02:10:00
Singer 132,Hip Hop,2019,8,2024-10-27 02:11:00
Singer 133,Rock,2001,12,2024-10-27 02:12:00
Singer 134,Classical,2004,11,2024-10-27 02:13:00
Singer 135,Jazz,2003,10,2024-10-27 02:14:00
Singer 136,Jazz,2021,10,2024-10-27 02:15:00
Singer 137,Hip Hop,2021,7,2024-10-27 02:16:00
Singer 138,Hip Hop,2022,15,2024-10-27 02:17:00
Singer 139,Jazz,2001,14,2024-10-27 02:18:00
Singer 140,Pop,2005,14,2024-10-27 02:19:00
Singer 141,Jazz,2004,11,2024-10-27 02:20:00
Singer 142,Classical,2007,7,2024-10-27 02:21:00
Singer 143,Classical,2021,19,2024-10-27 02:22:00
Singer 144,Classical,2007,8,2024-10-27 02:23:00
Singer 145,Classical,2019,17,2024-10-27 02:24:00
Singer 146,Pop,2000,11,2024-10-27 02:25:00
Singer 147,Rock,2000,7,2024-10-27 02:26:00
Singer 148,Jazz,2004,6,2024-10-27 02:27:00
Singer 149,Classical,2008,9,2024-10-27 02:28:00
Singer 150,Rock,2020,11,2024-10-27 02:29:00
Singer 151,Rock,2009,16,2024-10-27 02:30:00
Singer 152,Classical,2007,1,2024-10-27 02:31:00
Singer 153,Rock,2003,7,2024-10-27 02:32:00
Singer 154,Pop,2008,6,2024-10-27 02:33:00
Singer 155,Pop,2018,6,2024-10-27 02:34:00
Singer 156,Hip Hop,2004,3,2024-10-27 02:35:00
Singer 157,Classical,2016,15,2024-10-27 02:36:00
Singer 158,Pop,2014,16,2024-10-27 02:37:00
Singer 159,Pop,2001,9,2024-10-27 02:38:00
Singer 160,Hip Hop,2005,16,2024-10-27 02:39:00
Singer 161,Classical,2020,14,2024-10-27 02:40:00
Singer 162,Pop,2021,10,2024-10-27 02:41:00
Singer 163,Pop,2011,7,2024-10-27 02:42:00
Singer 164,Classical,2001,8,2024-10-27 02:43:00
Singer 165,Hip Hop,2013,10,2024-10-27 02:44:00
Singer 166,Rock,2004,9,2024-10-27 02:45:00
Singer 167,Hip Hop,2000,11,2024-10-27 02:46:00
Singer 168,Jazz,2019,6,2024-10-27 02:47:00
Singer 169,Pop,2000,4,2024-10-27 02:48:00
Singer 170,Jazz,2013,11,2024-10-27 02:49:00
Singer 171,Rock,2010,1,2024-10-27 02:50:00
Singer 172,Pop,2016,15,2024-10-27 02:51:00
Singer 173,Jazz,2015,14,2024-10-27 02:52:00
Singer 174,Classical,2012,15,2024-10-27 02:53:00
Singer 175,Pop,2014,18,2024-10-27 02:54:00
Singer 176,Pop,2002,5,2024-10-27 02:55:00
Singer 177,Classical,2008,14,2024-10-27 02:56:00
Singer 178,Classical,2010,9,2024-10-27 02:57:00
Singer 179,Hip Hop,2021,11,2024-10-27 02:58:00
Singer 180,Classical,2000,14,2024-10-27 02:59:00
Singer 181,Hip Hop,2004,5,2024-10-27 03:00:00
Singer 182,Hip Hop,2003,4,2024-10-27 03:01:00
Singer 183,Rock,2004,15,2024-10-27 03:02:00
Singer 184,Pop,2007,6,2024-10-27 03:03:00
Singer 185,Classical,2004,9,2024-10-27 03:04:00
Singer 186,Classical,2008,14,2024-10-27 03:05:00
Singer 187,Jazz,2000,16,2024-10-27 03:06:00
Singer 188,Hip Hop,2006,17,2024-10-27 03:07:00
Singer 189,Classical,2004,3,2024-10-27 03:08:00
Singer 190,Hip Hop,2000,16,2024-10-27 03:09:00
Singer 191,Classical,2016,1,2024-10-27 03:10:00
Singer 192,Classical,2014,9,2024-10-27 03:11:00
Singer 193,Classical,2022,15,2024-10-27 03:12:00
Singer 194,Hip Hop,2022,5,2024-10-27 03:13:00
Singer 195,Hip Hop,2022,10,2024-10-27 03:14:00
Singer 196,Rock,2010,18,2024-10-27 03:15:00
Singer 197,Rock,2002,14,2024-10-27 03:16:00
Singer 198,Hip Hop,2020,2,2024-10-27 03:17:00
Singer 199,Rock,2012,3,2024-10-27 03:18:00
Singer 200,Rock,2007,10,2024-10-27 03:19:00
Singer 201,Pop,2016,12,2024-10-27 03:20:00
Singer 202,Hip Hop,2015,6,2024-10-27 03:21:00
Singer 203,Jazz,2015,10,2024-10-27 03:22:00
Singer 204,Classical,2017,18,2024-10-27 03:23:00
Singer 205,Jazz,2016,10,2024-10-27 03:24:00
Singer 206,Classical,2019,2,2024-10-27 03:25:00
Singer 207,Rock,2000,4,2024-10-27 03:26:00
Singer 208,Pop,2001,11,2024-10-27 03:27:00
Singer 209,Jazz,2003,17,2024-10-27 03:28:00
Singer 210,Jazz,2017,8,2024-10-27 03:29:00
Singer 211,Pop,2012,7,2024-10-27 03:30:00
Singer 212,Hip Hop,2010,8,2024-10-27 03:31:00
Singer 213,Pop,2002,11,2024-10-27 03:32:00
Singer 214,Hip Hop,2000,15,2024-10-27 03:33:00
Singer 215,Pop,2012,8,2024-10-27 03:34:00
Singer 216,Jazz,2005,2,2024-10-27 03:35:00
Singer 217,Classical,2010,13,2024-10-27 03:36:00
Singer 218,Rock,2022,17,2024-10-27 03:37:00
Singer 219,Jazz,2002,14,2024-10-27 03:38:00
Singer 220,Hip Hop,2002,4,2024-10-27 03:39:00
Singer 221,Jazz,2004,1,2024-10-27 03:40:00
Singer 222,Pop,2014,18,2024-10-27 03:41:00
Singer 223,Pop,2014,5,2024-10-27 03:42:00
Singer 224,Pop,2015,6,2024-10-27 03:43:00
Singer 225,Classical,2022,2,2024-10-27 03:44:00
Singer 226,Pop,2002,6,2024-10-27 03:45:00
Singer 227,Classical,2018,16,2024-10-27 03:46:00
Singer 228,Jazz,2005,18,2024-10-27 03:47:00
Singer 229,Hip Hop,2019,13,2024-10-27 03:48:00
Singer 230,Hip Hop,2013,12,2024-10-27 03:49:00
Singer 231,Hip Hop,2020,18,2024-10-27 03:50:00
Singer 232,Classical,2021,17,2024-10-27 03:51:00
Singer 233,Hip Hop,2003,1,2024-10-27 03:52:00
Singer 234,Hip Hop,2015,5,2024-10-27 03:53:00
Singer 235,Hip Hop,2020,13,2024-10-27 03:54:00
Singer 236,Classical,2014,3,2024-10-27 03:55:00
Singer 237,Pop,2004,5,2024-10-27 03:56:00
Singer 238,Pop,2012,14,2024-10-27 03:57:00
Singer 239,Hip Hop,2003,9,2024-10-27 03:58:00
Singer 240,Rock,2013,14,2024-10-27 03:59:00
Singer 241,Classical,2016,14,2024-10-27 04:00:00
Singer 242,Pop,2006,10,2024-10-27 04:01:00
Singer 243,Rock,2007,15,2024-10-27 04:02:00
Singer 244,Hip Hop,2022,17,2024-10-27 04:03:00
Singer 245,Pop,2021,5,2024-10-27 04:04:00
Singer 246,Rock,2005,4,2024-10-27 04:05:00
Singer 247,Pop,2009,11,2024-10-27 04:06:00
Singer 248,Hip Hop,2010,11,2024-10-27 04:07:00
Singer 249,Pop,2018,6,2024-10-27 04:08:00
Singer 250,Jazz,2001,8,2024-10-27 04:09:00
Singer 251,Classical,2017,19,2024-10-27 04:10:00
Singer 252,Rock,2018,2,2024-10-27 04:11:00
Singer 253,Jazz,2000,14,2024-10-27 04:12:00
Singer 254,Rock,2005,14,2024-10-27 04:13:00
Singer 255,Jazz,2020,18,2024-10-27 04:14:00
Singer 256,Rock,2015,18,2024-10-27 04:15:00
Singer 257,Hip Hop,2013,9,2024-10-27 04:16:00
Singer 258,Jazz,2014,16,2024-10-27 04:17:00
Singer 259,Jazz,2016,14,2024-10-27 04:18:00
Singer 260,Rock,2014,18,2024-10-27 04:19:00
Singer 261,Jazz,2001,18,2024-10-27 04:20:00
Singer 262,Classical,2011,18,2024-10-27 04:21:00
Singer 263,Hip Hop,2016,6,2024-10-27 04:22:00
Singer 264,Jazz,2000,14,2024-10-27 04:23:00
Singer 265,Classical,2022,6,2024-10-27 04:24:00
Singer 266,Classical,2002,6,2024-10-27 04:25:00
Singer 267,Pop,2014,7,2024-10-27 04:26:00
Singer 268,Pop,2021,18,2024-10-27 04:27:00
Singer 269,Rock,2017,14,2024-10-27 04:28:00
Singer 270,Hip Hop,2000,6,2024-10-27 04:29:00
Singer 271,Pop,2020,11,2024-10-27 04:30:00
Singer 272,Jazz,2017,2,2024-10-27 04:31:00
Singer 273,Pop,2012,5,2024-10-27 04:32:00
Singer 274,Classical,2015,4,2024-10-27 04:33:00
Singer 275,Pop,2015,4,2024-10-27 04:34:00
Singer 276,Rock,2004,5,2024-10-27 04:35:00
Singer 277,Classical,2005,18,2024-10-27 04:36:00
Singer 278,Hip Hop,2019,6,2024-10-27 04:37:00
Singer 279,Classical,2021,16,2024-10-27 04:38:00
Singer 280,Pop,2015,6,2024-10-27 04:39:00
Singer 281,Jazz,2007,5,2024-10-27 04:40:00
Singer 282,Classical,2007,1,2024-10-27 04:41:00
Singer 283,Rock,2014,1,2024-10-27 04:42:00
Singer 284,Pop,2022,10,2024-10-27 04:43:00
Singer 285,Classical,2007,1,2024-10-27 04:44:00
Singer 286,Pop,2019,1,2024-10-27 04:45:00
Singer 287,Hip Hop,2010,12,2024-10-27 04:46:00
Singer 288,Classical,2009,9,2024-10-27 04:47:00
Singer 289,Pop,2009,12,2024-10-27 04:48:00
Singer 290,Hip Hop,2004,15,2024-10-27 04:49:00
Singer 291,Jazz,2009,14,2024-10-27 04:50:00
Singer 292,Classical,2021,11,2024-10-27 04:51:00
Singer 293,Classical,2017,14,2024-10-27 04:52:00
Singer 294,Pop,2021,8,2024-10-27 04:53:00
Singer 295,Jazz,2010,1,2024-10-27 04:54:00
Singer 296,Classical,2020,3,2024-10-27 04:55:00
Singer 297,Rock,2008,16,2024-10-27 04:56:00
Singer 298,Classical,2001,17,2024-10-27 04:57:00
Singer 299,Jazz,2019,6,2024-10-27 04:58:00
Singer 300,Jazz,2004,7,2024-10-27 04:59:00
Singer 301,Classical,2019,16,2024-10-27 05:00:00
Singer 302,Hip Hop,2017,12,2024-10-27 05:01:00
Singer 303,Pop,2008,10,2024-10-27 05:02:00
Singer 304,Pop,2015,8,2024-10-27 05:03:00
Singer 305,Rock,2010,5,2024-10-27 05:04:00
Singer 306,Rock,2000,14,2024-10-27 05:05:00
Singer 307,Hip Hop,2011,5,2024-10-27 05:06:00
Singer 308,Hip Hop,2003,2,2024-10-27 05:07:00
Singer 309,Classical,2003,15,2024-10-27 05:08:00
Singer 310,Pop,2014,12,2024-10-27 05:09:00
Singer 311,Classical,2018,3,2024-10-27 05:10:00
Singer 312,Pop,2019,3,2024-10-27 05:11:00
Singer 313,Classical,2019,12,2024-10-27 05:12:00
Singer 314,Pop,2016,7,2024-10-27 05:13:00
Singer 315,Classical,2006,9,2024-10-27 05:14:00
Singer 316,Hip Hop,2021,17,2024-10-27 05:15:00
Singer 317,Hip Hop,2014,10,2024-10-27 05:16:00
Singer 318,Jazz,2007,13,2024-10-27 05:17:00
Singer 319,Hip Hop,2022,4,2024-10-27 05:18:00
Singer 320,Rock,2003,8,2024-10-27 05:19:00
Singer 321,Pop,2011,8,2024-10-27 05:20:00
Singer 322,Hip Hop,2020,11,2024-10-27 05:21:00
Singer 323,Hip Hop,2009,13,2024-10-27 05:22:00
Singer 324,Hip Hop,2004,6,2024-10-27 05:23:00
Singer 325,Jazz,2021,11,2024-10-27 05:24:00
Singer 326,Jazz,2004,4,2024-10-27 05:25:00
Singer 327,Rock,2002,13,2024-10-27 05:26:00
Singer 328,Hip Hop,2010,14,2024-10-27 05:27:00
Singer 329,Pop,2020,5,2024-10-27 05:28:00
Singer 330,Classical,2022,5,2024-10-27 05:29:00
Singer 331,Pop,2018,9,2024-10-27 05:30:00
Singer 332,Rock,2008,10,2024-10-27 05:31:00
Singer 333,Jazz,2008,17,2024-10-27 05:32:00
Singer 334,Rock,2010,11,2024-10-27 05:33:00
Singer 335,Pop,2022,10,2024-10-27 05:34:00
Singer 336,Rock,2006,7,2024-10-27 05:35:00
Singer 337,Jazz,2009,18,2024-10-27 05:36:00
Singer 338,Pop,2018,17,2024-10-27 05:37:00
Singer 339,Jazz,2016,4,2024-10-27 05:38:00
Singer 340,Rock,2006,6,2024-10-27 05:39:00
Singer 341,Classical,2014,11,2024-10-27 05:40:00
Singer 342,Pop,2003,14,2024-10-27 05:41:00
Singer 343,Pop,2020,3,2024-10-27 05:42:00
Singer 344,Jazz,2021,17,2024-10-27 05:43:00
Singer 345,Pop,2014,9,2024-10-27 05:44:00
Singer 346,Rock,2001,13,2024-10-27 05:45:00
Singer 347,Classical,2004,9,2024-10-27 05:46:00
Singer 348,Rock,2019,13,2024-10-27 05:47:00
Singer 349,Classical,2011,16,2024-10-27 05:48:00
Singer 350,Rock,2018,2,2024-10-27 05:49:00
Singer 351,Hip Hop,2022,3,2024-10-27 05:50:00
Singer 352,Hip Hop,2011,5,2024-10-27 05:51:00
Singer 353,Rock,2008,10,2024-10-27 05:52:00
Singer 354,Hip Hop,2006,14,2024-10-27 05:53:00
Singer 355,Classical,2015,3,2024-10-27 05:54:00
Singer 356,Pop,2004,19,2024-10-27 05:55:00
Singer 357,Jazz,2011,9,2024-10-27 05:56:00
Singer 358,Pop,2014,9,2024-10-27 05:57:00
Singer 359,Jazz,2014,19,2024-10-27 05:58:00
Singer 360,Classical,2013,15,2024-10-27 05:59:00
Singer 361,Classical,2019,17,2024-10-27 06:00:00
Singer 362,Classical,2015,12,2024-10-27 06:01:00
Singer 363,Jazz,2005,2,2024-10-27 06:02:00
Singer 364,Hip Hop,2013,8,2024-10-27 06:03:00
Singer 365,Pop,2022,6,2024-10-27 06:04:00
Singer 366,Pop,2004,5,2024-10-27 06:05:00
Singer 367,Hip Hop,2015,3,2024-10-27 06:06:00
Singer 368,Hip Hop,2013,18,2024-10-27 06:07:00
Singer 369,Pop,2022,13,2024-10-27 06:08:00
Singer 370,Classical,2012,13,2024-10-27 06:09:00
Singer 371,Hip Hop,2021,15,2024-10-27 06:10:00
Singer 372,Jazz,2018,13,2024-10-27 06:11:00
Singer 373,Classical,2000,17,2024-10-27 06:12:00
Singer 374,Pop,2003,10,2024-10-27 06:13:00
Singer 375,Jazz,2013,12,2024-10-27 06:14:00
Singer 376,Rock,2013,2,2024-10-27 06:15:00
Singer 377,Classical,2012,6,2024-10-27 06:16:00
Singer 378,Pop,2008,9,2024-10-27 06:17:00
Singer 379,Rock,2007,12,2024-10-27 06:18:00
Singer 380,Classical,2006,6,2024-10-27 06:19:00
Singer 381,Pop,2001,8,2024-10-27 06:20:00
Singer 382,Pop,2004,16,2024-10-27 06:21:00
Singer 383,Pop,2015,11,2024-10-27 06:22:00
Singer 384,Classical,2001,15,2024-10-27 06:23:00
Singer 385,Pop,2010,19,2024-10-27 06:24:00
Singer 386,Pop,2014,14,2024-10-27 06:25:00
Singer 387,Hip Hop,2014,3,2024-10-27 06:26:00
Singer 388,Classical,2007,12,2024-10-27 06:27:00
Singer 389,Hip Hop,2011,19,2024-10-27 06:28:00
Singer 390,Classical,2016,9,2024-10-27 06:29:00
Singer 391,Jazz,2019,16,2024-10-27 06:30:00
Singer 392,Pop,2021,6,2024-10-27 06:31:00
Singer 393,Rock,2009,8,2024-10-27 06:32:00
Singer 394,Jazz,2003,8,2024-10-27 06:33:00
Singer 395,Rock,2019,11,2024-10-27 06:34:00
Singer 396,Jazz,2021,19,2024-10-27 06:35:00
Singer 397,Pop,2000,16,2024-10-27 06:36:00
Singer 398,Hip Hop,2006,13,2024-10-27 06:37:00
Singer 399,Hip Hop,2014,18,2024-10-27 06:38:00
Singer 400,Pop,2022,4,2024-10-27 06:39:00
Singer 401,Hip Hop,2002,11,2024-10-27 06:40:00
Singer 402,Jazz,2002,8,2024-10-27 06:41:00
Singer 403,Classical,2004,16,2024-10-27 06:42:00
Singer 404,Hip Hop,2005,16,2024-10-27 06:43:00
Singer 405,Hip Hop,2009,9,2024-10-27 06:44:00
Singer 406,Classical,2019,8,2024-10-27 06:45:00
Singer 407,Classical,2001,4,2024-10-27 06:46:00
Singer 408,Pop,2010,11,2024-10-27 06:47:00
Singer 409,Jazz,2003,10,2024-10-27 06:48:00
Singer 410,Jazz,2022,7,2024-10-27 06:49:00
Singer 411,Hip Hop,2003,14,2024-10-27 06:50:00
Singer 412,Hip Hop,2012,15,2024-10-27 06:51:00
Singer 413,Classical,2018,2,2024-10-27 06:52:00
Singer 414,Jazz,2003,10,2024-10-27 06:53:00
Singer 415,Hip Hop,2004,12,2024-10-27 06:54:00
Singer 416,Rock,2003,16,2024-10-27 06:55:00
Singer 417,Hip Hop,2000,9,2024-10-27 06:56:00
Singer 418,Jazz,2020,2,2024-10-27 06:57:00
Singer 419,Hip Hop,2021,6,2024-10-27 06:58:00
Singer 420,Jazz,2018,2,2024-10-27 06:59:00
Singer 421,Classical,2012,6,2024-10-27 07:00:00
Singer 422,Pop,2018,17,2024-10-27 07:01:00
Singer 423,Rock,2012,7,2024-10-27 07:02:00
Singer 424,Hip Hop,2021,1,2024-10-27 07:03:00
Singer 425,Pop,2019,15,2024-10-27 07:04:00
Singer 426,Hip Hop,2014,11,2024-10-27 07:05:00
Singer 427,Pop,2022,12,2024-10-27 07:06:00
Singer 428,Jazz,2016,7,2024-10-27 07:07:00
Singer 429,Rock,2019,11,2024-10-27 07:08:00
Singer 430,Rock,2008,2,2024-10-27 07:09:00
Singer 431,Pop,2001,19,2024-10-27 07:10:00
Singer 432,Classical,2022,6,2024-10-27 07:11:00
Singer 433,Jazz,2012,3,2024-10-27 07:12:00
Singer 434,Rock,2001,18,2024-10-27 07:13:00
Singer 435,Hip Hop,2019,10,2024-10-27 07:14:00
Singer 436,Classical,2016,2,2024-10-27 07:15:00
Singer 437,Classical,2004,12,2024-10-27 07:16:00
Singer 438,Classical,2003,6,2024-10-27 07:17:00
Singer 439,Pop,2007,14,2024-10-27 07:18:00
Singer 440,Rock,2012,19,2024-10-27 07:19:00
Singer 441,Classical,2012,12,2024-10-27 07:20:00
Singer 442,Classical,2018,5,2024-10-27 07:21:00
Singer 443,Jazz,2004,10,2024-10-27 07:22:00
Singer 444,Rock,2014,14,2024-10-27 07:23:00
Singer 445,Hip Hop,2005,15,2024-10-27 07:24:00
Singer 446,Jazz,2009,13,2024-10-27 07:25:00
Singer 447,Hip Hop,2002,6,2024-10-27 07:26:00
Singer 448,Classical,2021,1,2024-10-27 07:27:00
Singer 449,Rock,2003,16,2024-10-27 07:28:00
Singer 450,Classical,2017,6,2024-10-27 07:29:00
Singer 451,Rock,2006,9,2024-10-27 07:30:00
Singer 452,Classical,2000,11,2024-10-27 07:31:00
Singer 453,Jazz,2012,12,2024-10-27 07:32:00
Singer 454,Rock,2001,6,2024-10-27 07:33:00
Singer 455,Rock,2008,10,2024-10-27 07:34:00
Singer 456,Pop,2009,19,2024-10-27 07:35:00
Singer 457,Classical,2010,18,2024-10-27 07:36:00
Singer 458,Rock,2020,14,2024-10-27 07:37:00
Singer 459,Jazz,2014,16,2024-10-27 07:38:00
Singer 460,Pop,2017,12,2024-10-27 07:39:00
Singer 461,Classical,2012,18,2024-10-27 07:40:00
Singer 462,Pop,2012,10,2024-10-27 07:41:00
Singer 463,Pop,2021,8,2024-10-27 07:42:00
Singer 464,Classical,2013,7,2024-10-27 07:43:00
Singer 465,Pop,2001,19,2024-10-27 07:44:00
Singer 466,Rock,2016,6,2024-10-27 07:45:00
Singer 467,Pop,2000,1,2024-10-27 07:46:00
Singer 468,Classical,2015,12,2024-10-27 07:47:00
Singer 469,Classical,2006,9,2024-10-27 07:48:00
Singer 470,Jazz,2018,10,2024-10-27 07:49:00
Singer 471,Classical,2011,6,2024-10-27 07:50:00
Singer 472,Pop,2017,17,2024-10-27 07:51:00
Singer 473,Rock,2020,6,2024-10-27 07:52:00
Singer 474,Hip Hop,2012,7,2024-10-27 07:53:00
Singer 475,Rock,2015,7,2024-10-27 07:54:00
Singer 476,Hip Hop,2007,16,2024-10-27 07:55:00
Singer 477,Classical,2001,3,2024-10-27 07:56:00
Singer 478,Pop,2018,3,2024-10-27 07:57:00
Singer 479,Rock,2006,17,2024-10-27 07:58:00
Singer 480,Pop,2010,2,2024-10-27 07:59:00
Singer 481,Pop,2008,17,2024-10-27 08:00:00
Singer 482,Classical,2003,16,2024-10-27 08:01:00
Singer 483,Hip Hop,2009,9,2024-10-27 08:02:00
Singer 484,Jazz,2004,7,2024-10-27 08:03:00
Singer 485,Jazz,2002,17,2024-10-27 08:04:00
Singer 486,Hip Hop,2005,10,2024-10-27 08:05:00
Singer 487,Pop,2016,11,2024-10-27 08:06:00
Singer 488,Classical,2022,6,2024-10-27 08:07:00
Singer 489,Hip Hop,2014,3,2024-10-27 08:08:00
Singer 490,Jazz,2004,3,2024-10-27 08:09:00
Singer 491,Classical,2015,6,2024-10-27 08:10:00
Singer 492,Classical,2015,3,2024-10-27 08:11:00
Singer 493,Jazz,2022,3,2024-10-27 08:12:00
Singer 494,Classical,2003,18,2024-10-27 08:13:00
Singer 495,Jazz,2000,17,2024-10-27 08:14:00
Singer 496,Hip Hop,2008,2,2024-10-27 08:15:00
Singer 497,Jazz,2020,11,2024-10-27 08:16:00
Singer 498,Jazz,2003,17,2024-10-27 08:17:00
Singer 499,Pop,2017,17,2024-10-27 08:18:00
Singer 500,Classical,2001,3,2024-10-27 08:19:00
Singer 501,Rock,2022,18,2024-10-27 08:20:00
Singer 502,Pop,2015,3,2024-10-27 08:21:00
Singer 503,Rock,2014,2,2024-10-27 08:22:00
Singer 504,Rock,2009,5,2024-10-27 08:23:00
Singer 505,Pop,2001,13,2024-10-27 08:24:00
Singer 506,Classical,2017,11,2024-10-27 08:25:00
Singer 507,Hip Hop,2008,11,2024-10-27 08:26:00
Singer 508,Jazz,2017,17,2024-10-27 08:27:00
Singer 509,Hip Hop,2008,9,2024-10-27 08:28:00
Singer 510,Rock,2008,3,2024-10-27 08:29:00
Singer 511,Jazz,2018,14,2024-10-27 08:30:00
Singer 512,Jazz,2010,13,2024-10-27 08:31:00
Singer 513,Rock,2007,2,2024-10-27 08:32:00
Singer 514,Hip Hop,2006,3,2024-10-27 08:33:00
Singer 515,Classical,2011,9,2024-10-27 08:34:00
Singer 516,Classical,2001,3,2024-10-27 08:35:00
Singer 517,Hip Hop,2013,14,2024-10-27 08:36:00
Singer 518,Rock,2003,13,2024-10-27 08:37:00
Singer 519,Classical,2016,1,2024-10-27 08:38:00
Singer 520,Pop,2017,1,2024-10-27 08:39:00
Singer 521,Rock,2000,8,2024-10-27 08:40:00
Singer 522,Pop,2022,4,2024-10-27 08:41:00
Singer 523,Hip Hop,2005,15,2024-10-27 08:42:00
Singer 524,Jazz,2011,5,2024-10-27 08:43:00
Singer 525,Jazz,2006,5,2024-10-27 08:44:00
Singer 526,Rock,2000,3,2024-10-27 08:45:00
Singer 527,Jazz,2007,10,2024-10-27 08:46:00
Singer 528,Jazz,2006,10,2024-10-27 08:47:00
Singer 529,Pop,2014,11,2024-10-27 08:48:00
Singer 530,Classical,2008,12,2024-10-27 08:49:00
Singer 531,Hip Hop,2015,4,2024-10-27 08:50:00
Singer 532,Pop,2016,11,2024-10-27 08:51:00
Singer 533,Classical,2010,10,2024-10-27 08:52:00
Singer 534,Classical,2014,19,2024-10-27 08:53:00
Singer 535,Classical,2016,14,2024-10-27 08:54:00
Singer 536,Hip Hop,2007,10,2024-10-27 08:55:00
Singer 537,Hip Hop,2000,1,2024-10-27 08:56:00
Singer 538,Hip Hop,2010,9,2024-10-27 08:57:00
Singer 539,Hip Hop,2009,18,2024-10-27 08:58:00
Singer 540,Pop,2022,1,2024-10-27 08:59:00
Singer 541,Rock,2004,5,2024-10-27 09:00:00
Singer 542,Classical,2011,14,2024-10-27 09:01:00
Singer 543,Rock,2004,2,2024-10-27 09:02:00
Singer 544,Classical,2003,7,2024-10-27 09:03:00
Singer 545,Rock,2016,6,2024-10-27 09:04:00
Singer 546,Classical,2013,6,2024-10-27 09:05:00
Singer 547,Classical,2012,16,2024-10-27 09:06:00
Singer 548,Jazz,2012,3,2024-10-27 09:07:00
Singer 549,Jazz,2011,13,2024-10-27 09:08:00
Singer 550,Jazz,2008,16,2024-10-27 09:09:00
Singer 551,Classical,2016,6,2024-10-27 09:10:00
Singer 552,Rock,2016,13,2024-10-27 09:11:00
Singer 553,Classical,2017,11,2024-10-27 09:12:00
Singer 554,Rock,2000,2,2024-10-27 09:13:00
Singer 555,Pop,2009,15,2024-10-27 09:14:00
Singer 556,Rock,2010,15,2024-10-27 09:15:00
Singer 557,Rock,2013,16,2024-10-27 09:16:00
Singer 558,Pop,2001,4,2024-10-27 09:17:00
Singer 559,Classical,2021,9,2024-10-27 09:18:00
Singer 560,Rock,2014,5,2024-10-27 09:19:00
Singer 561,Jazz,2004,12,2024-10-27 09:20:00
Singer 562,Pop,2002,11,2024-10-27 09:21:00
Singer 563,Pop,2004,10,2024-10-27 09:22:00
Singer 564,Jazz,2010,3,2024-10-27 09:23:00
Singer 565,Rock,2021,3,2024-10-27 09:24:00
Singer 566,Pop,2016,11,2024-10-27 09:25:00
Singer 567,Hip Hop,2017,16,2024-10-27 09:26:00
Singer 568,Hip Hop,2022,5,2024-10-27 09:27:00
Singer 569,Hip Hop,2020,19,2024-10-27 09:28:00
Singer 570,Rock,2005,5,2024-10-27 09:29:00
Singer 571,Rock,2006,2,2024-10-27 09:30:00
Singer 572,Classical,2003,17,2024-10-27 09:31:00
Singer 573,Hip Hop,2010,2,2024-10-27 09:32:00
Singer 574,Hip Hop,2002,11,2024-10-27 09:33:00
Singer 575,Pop,2014,14,2024-10-27 09:34:00
Singer 576,Classical,2007,10,2024-10-27 09:35:00
Singer 577,Jazz,2018,17,2024-10-27 09:36:00
Singer 578,Hip Hop,2009,18,2024-10-27 09:37:00
Singer 579,Classical,2022,6,2024-10-27 09:38:00
Singer 580,Pop,2002,5,2024-10-27 09:39:00
Singer 581,Rock,2004,9,2024-10-27 09:40:00
Singer 582,Rock,2002,12,2024-10-27 09:41:00
Singer 583,Hip Hop,2011,16,2024-10-27 09:42:00
Singer 584,Rock,2001,18,2024-10-27 09:43:00
Singer 585,Jazz,2001,17,2024-10-27 09:44:00
Singer 586,Jazz,2003,13,2024-10-27 09:45:00
Singer 587,Pop,2000,8,2024-10-27 09:46:00
Singer 588,Pop,2011,14,2024-10-27 09:47:00
Singer 589,Jazz,2009,4,2024-10-27 09:48:00
Singer 590,Classical,2018,7,2024-10-27 09:49:00
Singer 591,Classical,2003,13,2024-10-27 09:50:00
Singer 592,Rock,2007,16,2024-10-27 09:51:00
Singer 593,Classical,2021,17,2024-10-27 09:52:00
Singer 594,Pop,2006,6,2024-10-27 09:53:00
Singer 595,Hip Hop,2013,2,2024-10-27 09:54:00
Singer 596,Pop,2001,15,2024-10-27 09:55:00
Singer 597,Jazz,2017,13,2024-10-27 09:56:00
Singer 598,Pop,2000,13,2024-10-27 09:57:00
Singer 599,Classical,2000,4,2024-10-27 09:58:00
Singer 600,Classical,2018,16,2024-10-27 09:59:00
Singer 601,Rock,2000,8,2024-10-27 10:00:00
Singer 602,Pop,2016,14,2024-10-27 10:01:00
Singer 603,Hip Hop,2013,12,2024-10-27 10:02:00
Singer 604,Jazz,2014,5,2024-10-27 10:03:00
Singer 605,Rock,2002,10,2024-10-27 10:04:00
Singer 606,Rock,2021,7,2024-10-27 10:05:00
Singer 607,Jazz,2010,3,2024-10-27 10:06:00
Singer 608,Jazz,2005,6,2024-10-27 10:07:00
Singer 609,Rock,2009,1,2024-10-27 10:08:00
Singer 610,Rock,2013,11,2024-10-27 10:09:00
Singer 611,Rock,2020,8,2024-10-27 10:10:00
Singer 612,Classical,2011,5,2024-10-27 10:11:00
Singer 613,Rock,2017,8,2024-10-27 10:12:00
Singer 614,Rock,2000,11,2024-10-27 10:13:00
Singer 615,Classical,2001,6,2024-10-27 10:14:00
Singer 616,Pop,2014,4,2024-10-27 10:15:00
Singer 617,Rock,2022,17,2024-10-27 10:16:00
Singer 618,Hip Hop,2010,18,2024-10-27 10:17:00
Singer 619,Pop,2000,10,2024-10-27 10:18:00
Singer 620,Rock,2001,11,2024-10-27 10:19:00
Singer 621,Pop,2018,19,2024-10-27 10:20:00
Singer 622,Rock,2009,18,2024-10-27 10:21:00
Singer 623,Hip Hop,2009,14,2024-10-27 10:22:00
Singer 624,Rock,2012,12,2024-10-27 10:23:00
Singer 625,Hip Hop,2000,5,2024-10-27 10:24:00
Singer 626,Hip Hop,2021,7,2024-10-27 10:25:00
Singer 627,Pop,2019,17,2024-10-27 10:26:00
Singer 628,Jazz,2022,5,2024-10-27 10:27:00
Singer 629,Jazz,2014,3,2024-10-27 10:28:00
Singer 630,Rock,2015,18,2024-10-27 10:29:00
Singer 631,Classical,2020,16,2024-10-27 10:30:00
Singer 632,Hip Hop,2008,5,2024-10-27 10:31:00
Singer 633,Classical,2012,16,2024-10-27 10:32:00
Singer 634,Rock,2000,18,2024-10-27 10:33:00
Singer 635,Rock,2003,2,2024-10-27 10:34:00
Singer 636,Jazz,2022,18,2024-10-27 10:35:00
Singer 637,Classical,2015,13,2024-10-27 10:36:00
Singer 638,Jazz,2020,8,2024-10-27 10:37:00
Singer 639,Pop,2017,17,2024-10-27 10:38:00
Singer 640,Rock,2018,17,2024-10-27 10:39:00
Singer 641,Rock,2016,18,2024-10-27 10:40:00
Singer 642,Pop,2019,17,2024-10-27 10:41:00
Singer 643,Rock,2003,18,2024-10-27 10:42:00
Singer 644,Hip Hop,2022,16,2024-10-27 10:43:00
Singer 645,Pop,2000,15,2024-10-27 10:44:00
Singer 646,Hip Hop,2005,10,2024-10-27 10:45:00
Singer 647,Hip Hop,2005,8,2024-10-27 10:46:00
Singer 648,Hip Hop,2012,10,2024-10-27 10:47:00
Singer 649,Rock,2022,4,2024-10-27 10:48:00
Singer 650,Classical,2011,18,2024-10-27 10:49:00
Singer 651,Classical,2010,18,2024-10-27 10:50:00
Singer 652,Rock,2002,2,2024-10-27 10:51:00
Singer 653,Pop,2002,18,2024-10-27 10:52:00
Singer 654,Hip Hop,2004,3,2024-10-27 10:53:00
Singer 655,Rock,2003,18,2024-10-27 10:54:00
Singer 656,Rock,2007,16,2024-10-27 10:55:00
Singer 657,Pop,2000,18,2024-10-27 10:56:00
Singer 658,Rock,2004,10,2024-10-27 10:57:00
Singer 659,Pop,2016,16,2024-10-27 10:58:00
Singer 660,Rock,2005,5,2024-10-27 10:59:00
Singer 661,Jazz,2004,11,2024-10-27 11:00:00
Singer 662,Hip Hop,2013,8,2024-10-27 11:01:00
Singer 663,Rock,2016,6,2024-10-27 11:02:00
Singer 664,Rock,2022,7,2024-10-27 11:03:00
Singer 665,Hip Hop,2005,5,2024-10-27 11:04:00
Singer 666,Hip Hop,2002,17,2024-10-27 11:05:00
Singer 667,Rock,2001,18,2024-10-27 11:06:00
Singer 668,Classical,2020,16,2024-10-27 11:07:00
Singer 669,Hip Hop,2009,16,2024-10-27 11:08:00
Singer 670,Classical,2000,5,2024-10-27 11:09:00
Singer 671,Classical,2009,6,2024-10-27 11:10:00
Singer 672,Hip Hop,2014,19,2024-10-27 11:11:00
Singer 673,Pop,2021,12,2024-10-27 11:12:00
Singer 674,Hip Hop,2013,9,2024-10-27 11:13:00
Singer 675,Pop,2007,5,2024-10-27 11:14:00
Singer 676,Jazz,2014,19,2024-10-27 11:15:00
Singer 677,Pop,2004,17,2024-10-27 11:16:00
Singer 678,Hip Hop,2011,18,2024-10-27 11:17:00
Singer 679,Rock,2004,3,2024-10-27 11:18:00
Singer 680,Pop,2020,10,2024-10-27 11:19:00
Singer 681,Jazz,2001,4,2024-10-27 11:20:00
Singer 682,Classical,2014,8,2024-10-27 11:21:00
Singer 683,Classical,2011,6,2024-10-27 11:22:00
Singer 684,Hip Hop,2019,4,2024-10-27 11:23:00
Singer 685,Hip Hop,2002,4,2024-10-27 11:24:00
Singer 686,Jazz,2004,16,2024-10-27 11:25:00
Singer 687,Classical,2005,2,2024-10-27 11:26:00
Singer 688,Classical,2001,14,2024-10-27 11:27:00
Singer 689,Hip Hop,2021,12,2024-10-27 11:28:00
Singer 690,Classical,2010,5,2024-10-27 11:29:00
Singer 691,Jazz,2004,10,2024-10-27 11:30:00
Singer 692,Hip Hop,2007,13,2024-10-27 11:31:00
Singer 693,Classical,2015,6,2024-10-27 11:32:00
Singer 694,Jazz,2019,4,2024-10-27 11:33:00
Singer 695,Jazz,2020,14,2024-10-27 11:34:00
Singer 696,Rock,2006,17,2024-10-27 11:35:00
Singer 697,Hip Hop,2015,1,2024-10-27 11:36:00
Singer 698,Hip Hop,2010,3,2024-10-27 11:37:00
Singer 699,Hip Hop,2004,8,2024-10-27 11:38:00
Singer 700,Hip Hop,2019,17,2024-10-27 11:39:00
Singer 701,Rock,2019,16,2024-10-27 11:40:00
Singer 702,Classical,2014,1,2024-10-27 11:41:00
Singer 703,Classical,2021,8,2024-10-27 11:42:00
Singer 704,Pop,2005,3,2024-10-27 11:43:00
Singer 705,Classical,2008,6,2024-10-27 11:44:00
Singer 706,Pop,2011,4,2024-10-27 11:45:00
Singer 707,Pop,2012,10,2024-10-27 11:46:00
Singer 708,Pop,2011,10,2024-10-27 11:47:00
Singer 709,Hip Hop,2006,10,2024-10-27 11:48:00
Singer 710,Pop,2014,19,2024-10-27 11:49:00
Singer 711,Rock,2015,6,2024-10-27 11:50:00
Singer 712,Rock,2003,16,2024-10-27 11:51:00
Singer 713,Pop,2007,13,2024-10-27 11:52:00
Singer 714,Hip Hop,2000,3,2024-10-27 11:53:00
Singer 715,Classical,2018,3,2024-10-27 11:54:00
Singer 716,Pop,2009,1,2024-10-27 11:55:00
Singer 717,Hip Hop,2004,11,2024-10-27 11:56:00
Singer 718,Jazz,2005,12,2024-10-27 11:57:00
Singer 719,Hip Hop,2010,6,2024-10-27 11:58:00
Singer 720,Jazz,2009,9,2024-10-27 11:59:00
Singer 721,Pop,2019,9,2024-10-27 12:00:00
Singer 722,Pop,2010,14,2024-10-27 12:01:00
Singer 723,Hip Hop,2010,3,2024-10-27 12:02:00
Singer 724,Classical,2021,12,2024-10-27 12:03:00
Singer 725,Rock,2020,4,2024-10-27 12:04:00
Singer 726,Rock,2016,4,2024-10-27 12:05:00
Singer 727,Rock,2014,14,2024-10-27 12:06:00
Singer 728,Hip Hop,2014,5,2024-10-27 12:07:00
Singer 729,Rock,2013,18,2024-10-27 12:08:00
Singer 730,Rock,2022,8,2024-10-27 12:09:00
Singer 731,Classical,2005,15,2024-10-27 12:10:00
Singer 732,Classical,2014,19,2024-10-27 12:11:00
Singer 733,Hip Hop,2020,18,2024-10-27 12:12:00
Singer 734,Classical,2003,6,2024-10-27 12:13:00
Singer 735,Jazz,2022,13,2024-10-27 12:14:00
Singer 736,Jazz,2007,10,2024-10-27 12:15:00
Singer 737,Hip Hop,2022,1,2024-10-27 12:16:00
Singer 738,Rock,2006,2,2024-10-27 12:17:00
Singer 739,Pop,2010,2,2024-10-27 12:18:00
Singer 740,Classical,2008,4,2024-10-27 12:19:00
Singer 741,Jazz,2010,1,2024-10-27 12:20:00
Singer 742,Pop,2017,18,2024-10-27 12:21:00
Singer 743,Rock,2000,15,2024-10-27 12:22:00
Singer 744,Hip Hop,2016,16,2024-10-27 12:23:00
Singer 745,Hip Hop,2022,5,2024-10-27 12:24:00
Singer 746,Jazz,2018,13,2024-10-27 12:25:00
Singer 747,Jazz,2010,15,2024-10-27 12:26:00
Singer 748,Jazz,2012,5,2024-10-27 12:27:00
Singer 749,Jazz,2009,11,2024-10-27 12:28:00
Singer 750,Jazz,2015,18,2024-10-27 12:29:00
Singer 751,Pop,2018,4,2024-10-27 12:30:00
Singer 752,Hip Hop,2013,15,2024-10-27 12:31:00
Singer 753,Rock,2012,9,2024-10-27 12:32:00
Singer 754,Rock,2003,16,2024-10-27 12:33:00
Singer 755,Rock,2015,9,2024-10-27 12:34:00
Singer 756,Jazz,2012,9,2024-10-27 12:35:00
Singer 757,Rock,2020,3,2024-10-27 12:36:00
Singer 758,Hip Hop,2010,15,2024-10-27 12:37:00
Singer 759,Jazz,2021,10,2024-10-27 12:38:00
Singer 760,Hip Hop,2008,1,2024-10-27 12:39:00
Singer 761,Pop,2015,7,2024-10-27 12:40:00
Singer 762,Pop,2015,1,2024-10-27 12:41:00
Singer 763,Pop,2006,8,2024-10-27 12:42:00
Singer 764,Classical,2017,2,2024-10-27 12:43:00
Singer 765,Hip Hop,2005,2,2024-10-27 12:44:00
Singer 766,Pop,2022,6,2024-10-27 12:45:00
Singer 767,Pop,2010,4,2024-10-27 12:46:00
Singer 768,Jazz,2000,17,2024-10-27 12:47:00
Singer 769,Pop,2006,7,2024-10-27 12:48:00
Singer 770,Classical,2009,11,2024-10-27 12:49:00
Singer 771,Rock,2022,6,2024-10-27 12:50:00
Singer 772,Jazz,2014,8,2024-10-27 12:51:00
Singer 773,Classical,2008,8,2024-10-27 12:52:00
Singer 774,Rock,2004,10,2024-10-27 12:53:00
Singer 775,Rock,2007,6,2024-10-27 12:54:00
Singer 776,Jazz,2011,13,2024-10-27 12:55:00
Singer 777,Pop,2001,6,2024-10-27 12:56:00
Singer 778,Hip Hop,2005,13,2024-10-27 12:57:00
Singer 779,Jazz,2002,5,2024-10-27 12:58:00
Singer 780,Jazz,2007,7,2024-10-27 12:59:00
Singer 781,Classical,2008,4,2024-10-27 13:00:00
Singer 782,Hip Hop,2014,17,2024-10-27 13:01:00
Singer 783,Classical,2016,5,2024-10-27 13:02:00
Singer 784,Jazz,2019,5,2024-10-27 13:03:00
Singer 785,Pop,2010,18,2024-10-27 13:04:00
Singer 786,Rock,2001,10,2024-10-27 13:05:00
Singer 787,Jazz,2001,4,2024-10-27 13:06:00
Singer 788,Rock,2013,18,2024-10-27 13:07:00
Singer 789,Jazz,2010,5,2024-10-27 13:08:00
Singer 790,Jazz,2008,19,2024-10-27 13:09:00
Singer 791,Rock,2000,14,2024-10-27 13:10:00
Singer 792,Pop,2002,16,2024-10-27 13:11:00
Singer 793,Jazz,2002,9,2024-10-27 13:12:00
Singer 794,Classical,2005,9,2024-10-27 13:13:00
Singer 795,Jazz,2000,4,2024-10-27 13:14:00
Singer 796,Rock,2009,12,2024-10-27 13:15:00
Singer 797,Jazz,2016,18,2024-10-27 13:16:00
Singer 798,Jazz,2007,11,2024-10-27 13:17:00
Singer 799,Classical,2000,12,2024-10-27 13:18:00
Singer 800,Pop,2015,14,2024-10-27 13:19:00
Singer 801,Hip Hop,2017,8,2024-10-27 13:20:00
Singer 802,Pop,2020,9,2024-10-27 13:21:00
Singer 803,Hip Hop,2005,19,2024-10-27 13:22:00
Singer 804,Hip Hop,2008,14,2024-10-27 13:23:00
Singer 805,Rock,2014,15,2024-10-27 13:24:00
Singer 806,Classical,2008,9,2024-10-27 13:25:00
Singer 807,Hip Hop,2003,13,2024-10-27 13:26:00
Singer 808,Classical,2020,17,2024-10-27 13:27:00
Singer 809,Classical,2004,17,2024-10-27 13:28:00
Singer 810,Classical,2021,6,2024-10-27 13:29:00
Singer 811,Hip Hop,2008,11,2024-10-27 13:30:00
Singer 812,Hip Hop,2007,3,2024-10-27 13:31:00
Singer 813,Pop,2019,12,2024-10-27 13:32:00
Singer 814,Rock,2020,9,2024-10-27 13:33:00
Singer 815,Classical,2019,10,2024-10-27 13:34:00
Singer 816,Jazz,2015,5,2024-10-27 13:35:00
Singer 817,Jazz,2021,8,2024-10-27 13:36:00
Singer 818,Hip Hop,2020,10,2024-10-27 13:37:00
Singer 819,Jazz,2013,16,2024-10-27 13:38:00
Singer 820,Pop,2020,6,2024-10-27 13:39:00
Singer 821,Jazz,2000,19,2024-10-27 13:40:00
Singer 822,Jazz,2000,18,2024-10-27 13:41:00
Singer 823,Rock,2014,3,2024-10-27 13:42:00
Singer 824,Classical,2006,17,2024-10-27 13:43:00
Singer 825,Hip Hop,2020,18,2024-10-27 13:44:00
Singer 826,Classical,2010,1,2024-10-27 13:45:00
Singer 827,Hip Hop,2015,13,2024-10-27 13:46:00
Singer 828,Pop,2022,13,2024-10-27 13:47:00
Singer 829,Classical,2012,12,2024-10-27 13:48:00
Singer 830,Classical,2011,8,2024-10-27 13:49:00
Singer 831,Rock,2000,12,2024-10-27 13:50:00
Singer 832,Classical,2016,13,2024-10-27 13:51:00
Singer 833,Pop,2020,1,2024-10-27 13:52:00
Singer 834,Hip Hop,2007,12,2024-10-27 13:53:00
Singer 835,Hip Hop,2005,12,2024-10-27 13:54:00
Singer 836,Pop,2011,8,2024-10-27 13:55:00
Singer 837,Rock,2002,16,2024-10-27 13:56:00
Singer 838,Rock,2016,13,2024-10-27 13:57:00
Singer 839,Hip Hop,2011,17,2024-10-27 13:58:00
Singer 840,Classical,2022,10,2024-10-27 13:59:00
Singer 841,Rock,2007,3,2024-10-27 14:00:00
Singer 842,Hip Hop,2011,5,2024-10-27 14:01:00
Singer 843,Pop,2001,17,2024-10-27 14:02:00
Singer 844,Classical,2004,18,2024-10-27 14:03:00
Singer 845,Jazz,2022,19,2024-10-27 14:04:00
Singer 846,Pop,2002,6,2024-10-27 14:05:00
Singer 847,Hip Hop,2004,19,2024-10-27 14:06:00
Singer 848,Pop,2017,2,2024-10-27 14:07:00
Singer 849,Pop,2009,19,2024-10-27 14:08:00
Singer 850,Rock,2011,3,2024-10-27 14:09:00
Singer 851,Rock,2014,1,2024-10-27 14:10:00
Singer 852,Rock,2010,12,2024-10-27 14:11:00
Singer 853,Jazz,2001,5,2024-10-27 14:12:00
Singer 854,Classical,2020,14,2024-10-27 14:13:00
Singer 855,Rock,2016,12,2024-10-27 14:14:00
Singer 856,Jazz,2002,4,2024-10-27 14:15:00
Singer 857,Jazz,2009,19,2024-10-27 14:16:00
Singer 858,Jazz,2009,10,2024-10-27 14:17:00
Singer 859,Rock,2020,4,2024-10-27 14:18:00
Singer 860,Rock,2014,13,2024-10-27 14:19:00
Singer 861,Rock,2006,15,2024-10-27 14:20:00
Singer 862,Pop,2012,10,2024-10-27 14:21:00
Singer 863,Pop,2012,4,2024-10-27 14:22:00
Singer 864,Classical,2017,16,2024-10-27 14:23:00
Singer 865,Classical,2007,18,2024-10-27 14:24:00
Singer 866,Jazz,2009,7,2024-10-27 14:25:00
Singer 867,Pop,2005,1,2024-10-27 14:26:00
Singer 868,Hip Hop,2018,4,2024-10-27 14:27:00
Singer 869,Jazz,2018,7,2024-10-27 14:28:00
Singer 870,Rock,2012,10,2024-10-27 14:29:00
Singer 871,Jazz,2005,12,2024-10-27 14:30:00
Singer 872,Pop,2010,15,2024-10-27 14:31:00
Singer 873,Classical,2015,19,2024-10-27 14:32:00
Singer 874,Rock,2019,5,2024-10-27 14:33:00
Singer 875,Jazz,2003,2,2024-10-27 14:34:00
Singer 876,Rock,2003,9,2024-10-27 14:35:00
Singer 877,Jazz,2020,6,2024-10-27 14:36:00
Singer 878,Jazz,2009,14,2024-10-27 14:37:00
Singer 879,Rock,2020,5,2024-10-27 14:38:00
Singer 880,Jazz,2001,2,2024-10-27 14:39:00
Singer 881,Pop,2005,18,2024-10-27 14:40:00
Singer 882,Rock,2012,3,2024-10-27 14:41:00
Singer 883,Classical,2003,8,2024-10-27 14:42:00
Singer 884,Hip Hop,2005,16,2024-10-27 14:43:00
Singer 885,Pop,2002,8,2024-10-27 14:44:00
Singer 886,Rock,2011,6,2024-10-27 14:45:00
Singer 887,Pop,2012,8,2024-10-27 14:46:00
Singer 888,Pop,2007,1,2024-10-27 14:47:00
Singer 889,Rock,2004,7,2024-10-27 14:48:00
Singer 890,Classical,2004,14,2024-10-27 14:49:00
Singer 891,Pop,2010,6,2024-10-27 14:50:00
Singer 892,Jazz,2009,10,2024-10-27 14:51:00
Singer 893,Jazz,2021,12,2024-10-27 14:52:00
Singer 894,Hip Hop,2008,2,2024-10-27 14:53:00
Singer 895,Hip Hop,2009,8,2024-10-27 14:54:00
Singer 896,Rock,2015,7,2024-10-27 14:55:00
Singer 897,Jazz,2011,4,2024-10-27 14:56:00
Singer 898,Rock,2019,16,2024-10-27 14:57:00
Singer 899,Hip Hop,2014,3,2024-10-27 14:58:00
Singer 900,Jazz,2016,18,2024-10-27 14:59:00
Singer 901,Classical,2016,17,2024-10-27 15:00:00
Singer 902,Classical,2007,8,2024-10-27 15:01:00
Singer 903,Classical,2003,12,2024-10-27 15:02:00
Singer 904,Pop,2018,4,2024-10-27 15:03:00
Singer 905,Classical,2000,10,2024-10-27 15:04:00
Singer 906,Jazz,2007,16,2024-10-27 15:05:00
Singer 907,Jazz,2013,9,2024-10-27 15:06:00
Singer 908,Pop,2000,10,2024-10-27 15:07:00
Singer 909,Classical,2022,12,2024-10-27 15:08:00
Singer 910,Rock,2003,10,2024-10-27 15:09:00
Singer 911,Rock,2013,5,2024-10-27 15:10:00
Singer 912,Rock,2010,16,2024-10-27 15:11:00
Singer 913,Rock,2022,13,2024-10-27 15:12:00
Singer 914,Hip Hop,2016,17,2024-10-27 15:13:00
Singer 915,Jazz,2006,5,2024-10-27 15:14:00
Singer 916,Pop,2014,13,2024-10-27 15:15:00
Singer 917,Hip Hop,2017,18,2024-10-27 15:16:00
Singer 918,Rock,2000,11,2024-10-27 15:17:00
Singer 919,Rock,2007,4,2024-10-27 15:18:00
Singer 920,Pop,2018,5,2024-10-27 15:19:00
Singer 921,Classical,2013,12,2024-10-27 15:20:00
Singer 922,Hip Hop,2018,1,2024-10-27 15:21:00
Singer 923,Hip Hop,2005,1,2024-10-27 15:22:00
Singer 924,Rock,2015,19,2024-10-27 15:23:00
Singer 925,Jazz,2021,4,2024-10-27 15:24:00
Singer 926,Classical,2006,11,2024-10-27 15:25:00
Singer 927,Rock,2020,16,2024-10-27 15:26:00
Singer 928,Pop,2004,4,2024-10-27 15:27:00
Singer 929,Hip Hop,2001,15,2024-10-27 15:28:00
Singer 930,Rock,2013,2,2024-10-27 15:29:00
Singer 931,Pop,2015,18,2024-10-27 15:30:00
Singer 932,Rock,2016,1,2024-10-27 15:31:00
Singer 933,Jazz,2000,10,2024-10-27 15:32:00
Singer 934,Classical,2006,8,2024-10-27 15:33:00
Singer 935,Classical,2022,16,2024-10-27 15:34:00
Singer 936,Classical,2020,9,2024-10-27 15:35:00
Singer 937,Rock,2000,16,2024-10-27 15:36:00
Singer 938,Rock,2018,5,2024-10-27 15:37:00
Singer 939,Hip Hop,2011,6,2024-10-27 15:38:00
Singer 940,Classical,2011,8,2024-10-27 15:39:00
Singer 941,Hip Hop,2015,4,2024-10-27 15:40:00
Singer 942,Jazz,2004,13,2024-10-27 15:41:00
Singer 943,Jazz,2003,2,2024-10-27 15:42:00
Singer 944,Rock,2013,13,2024-10-27 15:43:00
Singer 945,Pop,2000,19,2024-10-27 15:44:00
Singer 946,Jazz,2007,4,2024-10-27 15:45:00
Singer 947,Jazz,2016,1,2024-10-27 15:46:00
Singer 948,Hip Hop,2000,5,2024-10-27 15:47:00
Singer 949,Rock,2005,11,2024-10-27 15:48:00
Singer 950,Jazz,2016,13,2024-10-27 15:49:00
Singer 951,Hip Hop,2017,3,2024-10-27 15:50:00
Singer 952,Jazz,2020,15,2024-10-27 15:51:00
Singer 953,Hip Hop,2009,3,2024-10-27 15:52:00
Singer 954,Rock,2022,18,2024-10-27 15:53:00
Singer 955,Classical,2004,1,2024-10-27 15:54:00
Singer 956,Hip Hop,2016,8,2024-10-27 15:55:00
Singer 957,Hip Hop,2007,11,2024-10-27 15:56:00
Singer 958,Pop,2001,14,2024-10-27 15:57:00
Singer 959,Hip Hop,2011,13,2024-10-27 15:58:00
Singer 960,Hip Hop,2018,18,2024-10-27 15:59:00
Singer 961,Pop,2020,8,2024-10-27 16:00:00
Singer 962,Pop,2012,16,2024-10-27 16:01:00
Singer 963,Classical,2022,17,2024-10-27 16:02:00
Singer 964,Jazz,2011,10,2024-10-27 16:03:00
Singer 965,Classical,2009,4,2024-10-27 16:04:00
Singer 966,Hip Hop,2019,1,2024-10-27 16:05:00
Singer 967,Jazz,2014,15,2024-10-27 16:06:00
Singer 968,Hip Hop,2018,5,2024-10-27 16:07:00
Singer 969,Classical,2000,15,2024-10-27 16:08:00
Singer 970,Hip Hop,2022,6,2024-10-27 16:09:00
Singer 971,Hip Hop,2017,5,2024-10-27 16:10:00
Singer 972,Classical,2021,3,2024-10-27 16:11:00
Singer 973,Jazz,2002,14,2024-10-27 16:12:00
Singer 974,Hip Hop,2004,16,2024-10-27 16:13:00
Singer 975,Classical,2012,6,2024-10-27 16:14:00
Singer 976,Classical,2005,5,2024-10-27 16:15:00
Singer 977,Jazz,2000,14,2024-10-27 16:16:00
Singer 978,Hip Hop,2005,7,2024-10-27 16:17:00
Singer 979,Jazz,2011,3,2024-10-27 16:18:00
Singer 980,Pop,2011,9,2024-10-27 16:19:00
Singer 981,Jazz,2015,16,2024-10-27 16:20:00
Singer 982,Hip Hop,2016,16,2024-10-27 16:21:00
Singer 983,Hip Hop,2022,1,2024-10-27 16:22:00
Singer 984,Jazz,2007,17,2024-10-27 16:23:00
Singer 985,Hip Hop,2002,9,2024-10-27 16:24:00
Singer 986,Jazz,2013,7,2024-10-27 16:25:00
Singer 987,Hip Hop,2021,11,2024-10-27 16:26:00
Singer 988,Classical,2014,12,2024-10-27 16:27:00
Singer 989,Jazz,2020,1,2024-10-27 16:28:00
Singer 990,Pop,2013,11,2024-10-27 16:29:00
Singer 991,Pop,2018,11,2024-10-27 16:30:00
Singer 992,Pop,2002,8,2024-10-27 16:31:00
Singer 993,Pop,2009,16,2024-10-27 16:32:00
Singer 994,Classical,2002,8,2024-10-27 16:33:00
Singer 995,Rock,2008,7,2024-10-27 16:34:00
Singer 996,Pop,2008,2,2024-10-27 16:35:00
Singer 997,Classical,2009,18,2024-10-27 16:36:00
Singer 998,Pop,2008,10,2024-10-27 16:37:00
Singer 999,Hip Hop,2016,12,2024-10-27 16:38:00
Singer 1000,Jazz,2003,17,2024-10-27 16:39:00
